{
  "data": {
    "n_trajs": 28,
    "traj_len_frames_min": 1000,
    "traj_len_frames_max": 1000,
    "dt_ns_effective": 0.5,
    "total_frames": 28000,
    "total_time_ns": 14000.0
  },
  "occupancy": {
    "n_clusters": 100,
    "n_used": 100,
    "tiny_frac": 0.0,
    "occupancies": [
      295,
      640,
      91,
      268,
      81,
      800,
      419,
      79,
      389,
      147,
      125,
      275,
      478,
      395,
      329,
      287,
      220,
      325,
      163,
      270,
      215,
      161,
      497,
      82,
      328,
      332,
      242,
      289,
      380,
      314,
      230,
      545,
      75,
      649,
      94,
      134,
      322,
      168,
      84,
      109,
      235,
      395,
      116,
      83,
      88,
      45,
      122,
      201,
      213,
      150,
      737,
      160,
      284,
      1070,
      166,
      334,
      173,
      110,
      1758,
      177,
      178,
      289,
      112,
      111,
      28,
      178,
      1353,
      121,
      126,
      1021,
      143,
      95,
      118,
      110,
      87,
      113,
      125,
      456,
      58,
      88,
      165,
      288,
      227,
      323,
      104,
      178,
      150,
      95,
      350,
      102,
      250,
      373,
      137,
      270,
      49,
      1348,
      134,
      64,
      232,
      308
    ],
    "occupancy_min": 28,
    "occupancy_median": 178.0,
    "occupancy_p90": 501.8000000000004
  },
  "sparsity": {
    "n_states": 100,
    "avg_out_degree": 7.63,
    "median_out_degree": 6.0,
    "min_out_degree": 2.0,
    "p10_out_degree": 3.0
  },
  "its": {
    "lag_frames": [
      1,
      2,
      5,
      10,
      20
    ],
    "timescales_ns": {
      "1": [
        1040.9811948674608,
        401.3711623985268,
        381.16474215346136,
        216.1601994965254,
        84.47522683228972,
        68.0374470497862,
        63.43080870185018,
        53.33435655902681,
        51.17493875872039,
        45.30178314366762
      ],
      "2": [
        1626.420317543433,
        834.6594570450735,
        587.6482401087889,
        301.49764729867115,
        144.29981276861525,
        102.78418970264326,
        95.25817989279727,
        87.93551653515874,
        80.70699310987598,
        65.96322173021552
      ],
      "5": [
        1320.2659313002512,
        1041.2595118202635,
        325.2130090421801,
        228.36182394224235,
        207.81685850637743,
        126.20586425514956,
        119.45263205491229,
        119.2585329094665,
        90.16818383426006,
        78.69731658463392
      ],
      "10": [
        1157.3154807463281,
        389.0831213805917,
        317.4111950174143,
        256.25545831311086,
        170.56112871224892,
        166.1566627803807,
        110.71030356536004,
        100.40673552256878,
        90.6823527188918,
        77.82223626563584
      ],
      "20": [
        243.2121075168011,
        219.95846236373134,
        129.34809428400996,
        126.7461873613153,
        109.32623325889237,
        86.6054932412102,
        75.06990481640948,
        63.876149471404865,
        56.966918890222864,
        54.23520110344705
      ]
    }
  },
  "plateau": {
    "top_k": 3,
    "rel_std": [
      0.42806556396372314,
      0.5342472049087463,
      0.4217337588201092
    ],
    "rel_std_max": 0.5342472049087463
  },
  "grade": {
    "label": "WARN",
    "fail_reasons": [],
    "warn_reasons": [
      "ITS only weakly stable (rel_std_max=0.53)"
    ],
    "tiny_frac": 0.0,
    "rel_std_max": 0.5342472049087463,
    "avg_out_degree": 7.63
  },
  "suggestions": [
    "Try increasing tICA components (4\u21926/8) and/or increasing MSM lag list to find plateau.",
    "If still unstable, consider adding contact features (dihedral-only may miss slow modes)."
  ],
  "primary_msm_lag_frames": 2
}